"Date","Sport","Game Completed","Exclude From Ranking","Home Team","Home Score","Visitor Team","Visitor Score"
"2026-05-11","Boys Lacrosse","No","No","CHELTENHAM","0","UPPER DARBY","0"
"2026-05-11","Boys Lacrosse","No","No","UPPER MORELAND","0","Msgr Bonner & Abp Prendergast HS","0"
"2026-05-11","Boys Lacrosse","No","No","HATBORO-HORSHAM","0","Archbishop Ryan High School","0"
"2026-05-11","Boys Lacrosse","No","No","Conestoga Valley High School","0","BISHOP SHANAHAN","0"
"2026-05-10","Boys Lacrosse","No","Yes","CB WEST ","0","Easton Area High School","0"
"2026-05-08","Boys Lacrosse","No","No","ABINGTON ","0","STRATH HAVEN ","0"
"2026-05-08","Boys Lacrosse","No","No","HOLY GHOST PREP","0","NESHAMINY","0"
"2026-05-08","Boys Lacrosse","No","No","SPRINGFIELD (DELCO)","0","Kiski School ","0"
"2026-05-08","Boys Lacrosse","No","No","RADNOR","0","Saint Joseph's Preparatory School","0"
"2026-05-08","Boys Lacrosse","No","No","WC RUSTIN","0","Devon Prep","0"
"2026-05-08","Boys Lacrosse","No","No","Lansdale Catholic High School","0","PENNCREST","0"
"2026-05-08","Boys Lacrosse","No","No","Academy of the New Church ","0","GARNET VALLEY","0"
"2026-05-07","Boys Lacrosse","No","No","OXFORD","0","BISHOP SHANAHAN","0"
"2026-05-07","Boys Lacrosse","No","No","SPRINGFIELD TWP.(M)","0","CHELTENHAM","0"
"2026-05-07","Boys Lacrosse","No","No","COUNCIL ROCK SOUTH ","0","CB SOUTH","0"
"2026-05-07","Boys Lacrosse","No","No","COUNCIL ROCK NORTH ","0","CB WEST ","0"
"2026-05-07","Boys Lacrosse","No","No","NORTH PENN","0","ABINGTON ","0"
"2026-05-07","Boys Lacrosse","No","No","Cardinal O'Hara High School","0","UPPER DARBY","0"
"2026-05-07","Boys Lacrosse","No","No","WC HENDERSON","0","COATESVILLE","0"
"2026-05-07","Boys Lacrosse","No","No","WC EAST ","0","UNIONVILLE","0"
"2026-05-07","Boys Lacrosse","No","No","QUAKERTOWN","0","Bethlehem Catholic High School","0"
"2026-05-07","Boys Lacrosse","No","No","GREAT VALLEY","0","DOWNINGTOWN EAST ","0"
"2026-05-07","Boys Lacrosse","No","No","KENNETT","0","DOWNINGTOWN WEST ","0"
"2026-05-07","Boys Lacrosse","No","No","PLYMOUTH WHITEMARSH","0","NEW HOPE SOLEBURY","0"
"2026-05-07","Boys Lacrosse","No","No","AVON GROVE","0","SUN VALLEY ","0"
"2026-05-07","Boys Lacrosse","No","No","PENNRIDGE","0","SOUDERTON","0"
"2026-05-07","Boys Lacrosse","No","No","HATBORO-HORSHAM","0","UPPER MORELAND","0"
"2026-05-07","Boys Lacrosse","No","No","UPPER DUBLIN","0","WISSAHICKON","0"
"2026-05-07","Boys Lacrosse","No","No","PENNSBURY","0","CB EAST ","0"
"2026-05-07","Boys Lacrosse","No","No","NORTH PENN","0","HAVERFORD","0"
"2026-05-07","Boys Lacrosse","No","No","Central High School","0","DELCO CHRISTIAN","0"
"2026-05-06","Boys Lacrosse","No","No","Jack Barrack Hebrew Academy","0","CHELTENHAM","0"
"2026-05-06","Boys Lacrosse","No","No","HARRITON","0","UPPER MERION","0"
"2026-05-06","Boys Lacrosse","No","No","Germantown Academy","0","SPRINGFIELD TWP.(M)","0"
"2026-05-06","Boys Lacrosse","No","No","POPE JOHN PAUL II","0","STRATH HAVEN ","0"
"2026-05-05","Boys Lacrosse","No","No","CB SOUTH","0","NESHAMINY","0"
"2026-05-05","Boys Lacrosse","No","No","HARRITON","0","RIDLEY","0"
"2026-05-05","Boys Lacrosse","No","No","STRATH HAVEN ","0","UPPER DARBY","0"
"2026-05-05","Boys Lacrosse","No","No","POTTSGROVE","0","DELCO CHRISTIAN","0"
"2026-05-05","Boys Lacrosse","No","No","WC HENDERSON","0","AVON GROVE","0"
"2026-05-05","Boys Lacrosse","No","No","COATESVILLE","0","UNIONVILLE","0"
"2026-05-05","Boys Lacrosse","No","No","GREAT VALLEY","0","WC RUSTIN","0"
"2026-05-05","Boys Lacrosse","No","No","PENNCREST","0","LOWER MERION ","0"
"2026-05-05","Boys Lacrosse","No","No","BISHOP SHANAHAN","0","KENNETT","0"
"2026-05-05","Boys Lacrosse","No","No","DOWNINGTOWN WEST ","0","SUN VALLEY ","0"
"2026-05-05","Boys Lacrosse","No","No","HOLY GHOST PREP","0","Shipley School ","0"
"2026-05-05","Boys Lacrosse","No","No","SPRINGFIELD (DELCO)","0","GARNET VALLEY","0"
"2026-05-05","Boys Lacrosse","No","No","RADNOR","0","HAVERFORD","0"
"2026-05-05","Boys Lacrosse","No","No","MARPLE NEWTOWN","0","CONESTOGA","0"
"2026-05-04","Boys Lacrosse","No","No","DOWNINGTOWN EAST ","0","OXFORD","0"
"2026-05-04","Boys Lacrosse","No","No","CB EAST ","0","COUNCIL ROCK NORTH ","0"
"2026-05-04","Boys Lacrosse","No","No","ABINGTON ","0","UPPER DUBLIN","0"
"2026-05-04","Boys Lacrosse","No","No","UPPER DARBY","0","Msgr Bonner & Abp Prendergast HS","0"
"2026-05-04","Boys Lacrosse","No","No","NEW HOPE SOLEBURY","0","QUAKERTOWN","0"
"2026-05-04","Boys Lacrosse","No","No","WC EAST ","0","LOWER MERION ","0"
"2026-05-04","Boys Lacrosse","No","No","Jack Barrack Hebrew Academy","0","SUN VALLEY ","0"
"2026-05-04","Boys Lacrosse","No","No","UPPER MORELAND","0","Archbishop Wood High School","0"
"2026-05-04","Boys Lacrosse","No","No","WISSAHICKON","0","POPE JOHN PAUL II","0"
"2026-05-04","Boys Lacrosse","No","No","CB WEST ","0","COUNCIL ROCK SOUTH ","0"
"2026-05-04","Boys Lacrosse","No","No","PLYMOUTH WHITEMARSH","0","HATBORO-HORSHAM","0"
"2026-05-04","Boys Lacrosse","No","No","SOUDERTON","0","PENNSBURY","0"
"2026-05-02","Boys Lacrosse","No","No","HAVERFORD","0","COUNCIL ROCK NORTH ","0"
"2026-05-02","Boys Lacrosse","No","No","METHACTON","0","CB EAST ","0"
"2026-05-02","Boys Lacrosse","No","No","WC HENDERSON","0","NORTH PENN","0"
"2026-05-02","Boys Lacrosse","No","No","PENNRIDGE","0","HOLY GHOST PREP","0"
"2026-05-02","Boys Lacrosse","No","No","OWEN J. ROBERTS","0","DOWNINGTOWN WEST ","0"
"2026-05-02","Boys Lacrosse","No","No","PLYMOUTH WHITEMARSH","0","BOYERTOWN","0"
"2026-05-02","Boys Lacrosse","No","No","COUNCIL ROCK SOUTH ","0","Lawrenceville Prep School (NJ)","0"
"2026-05-02","Boys Lacrosse","No","No","Manheim Township High School","0","WC RUSTIN","0"
"2026-05-02","Boys Lacrosse","No","No","Wilson High School (D3)","0","AVON GROVE","0"
"2026-05-02","Boys Lacrosse","No","No","Caravel Academy (DE)","0","BISHOP SHANAHAN","0"
"2026-05-01","Boys Lacrosse","No","No","CB SOUTH","0","HARRITON","0"
"2026-05-01","Boys Lacrosse","No","No","SPRINGFIELD TWP.(M)","0","Archbishop Carroll High School","0"
"2026-05-01","Boys Lacrosse","No","No","SPRING-FORD","0","METHACTON","0"
"2026-05-01","Boys Lacrosse","No","No","STRATH HAVEN ","0","LOWER MERION ","0"
"2026-05-01","Boys Lacrosse","No","No","PLYMOUTH WHITEMARSH","0","COATESVILLE","0"
"2026-05-01","Boys Lacrosse","No","No","SPRINGFIELD (DELCO)","0","MARPLE NEWTOWN","0"
"2026-05-01","Boys Lacrosse","No","No","PENNRIDGE","0","CB WEST ","0"
"2026-05-01","Boys Lacrosse","No","No","GARNET VALLEY","0","SOUDERTON","0"
"2026-04-30","Boys Lacrosse","No","No","OXFORD","0","WC RUSTIN","0"
"2026-04-30","Boys Lacrosse","No","No","WISSAHICKON","0","CHELTENHAM","0"
"2026-04-30","Boys Lacrosse","No","No","PENNSBURY","0","CB SOUTH","0"
"2026-04-30","Boys Lacrosse","No","No","NORTH PENN","0","COUNCIL ROCK NORTH ","0"
"2026-04-30","Boys Lacrosse","No","No","GARNET VALLEY","0","HARRITON","0"
"2026-04-30","Boys Lacrosse","No","No","HATBORO-HORSHAM","0","ABINGTON ","0"
"2026-04-30","Boys Lacrosse","No","No","UPPER DARBY","0","HAVERFORD","0"
"2026-04-30","Boys Lacrosse","No","No","SPRINGFIELD TWP.(M)","0","QUAKERTOWN","0"
"2026-04-30","Boys Lacrosse","No","No","POTTSGROVE","0","OWEN J. ROBERTS","0"
"2026-04-30","Boys Lacrosse","No","No","SUN VALLEY ","0","WC HENDERSON","0"
"2026-04-30","Boys Lacrosse","No","No","AVON GROVE","0","UNIONVILLE","0"
"2026-04-30","Boys Lacrosse","No","No","NESHAMINY","0","COUNCIL ROCK SOUTH ","0"
"2026-04-30","Boys Lacrosse","No","No","GREAT VALLEY","0","WC EAST ","0"
"2026-04-30","Boys Lacrosse","No","No","KENNETT","0","DOWNINGTOWN EAST ","0"
"2026-04-30","Boys Lacrosse","No","No","PHOENIXVILLE","0","BOYERTOWN","0"
"2026-04-30","Boys Lacrosse","No","No","UPPER DUBLIN","0","NEW HOPE SOLEBURY","0"
"2026-04-30","Boys Lacrosse","No","No","CONESTOGA","0","RADNOR","0"
"2026-04-30","Boys Lacrosse","No","No","DOWNINGTOWN WEST ","0","BISHOP SHANAHAN","0"
"2026-04-30","Boys Lacrosse","No","No","POPE JOHN PAUL II","0","PERKIOMEN VALLEY ","0"
"2026-04-30","Boys Lacrosse","No","No","RIDLEY","0","PENNCREST","0"
"2026-04-29","Boys Lacrosse","No","No","PENNRIDGE","0","METHACTON","0"
"2026-04-29","Boys Lacrosse","No","No","WISSAHICKON","0","CB WEST ","0"
"2026-04-29","Boys Lacrosse","No","No","COUNCIL ROCK SOUTH ","0","HATBORO-HORSHAM","0"
"2026-04-29","Boys Lacrosse","No","No","Crestwood High School","0","SOUDERTON","0"
"2026-04-28","Boys Lacrosse","No","No","WC EAST ","0","OXFORD","0"
"2026-04-28","Boys Lacrosse","No","No","DELCO CHRISTIAN","0","CHELTENHAM","0"
"2026-04-28","Boys Lacrosse","No","No","CONESTOGA","0","HARRITON","0"
"2026-04-28","Boys Lacrosse","No","No","ABINGTON ","0","HOLY GHOST PREP","0"
"2026-04-28","Boys Lacrosse","No","No","LOWER MERION ","0","UPPER DARBY","0"
"2026-04-28","Boys Lacrosse","No","No","UNIONVILLE","0","WC HENDERSON","0"
"2026-04-28","Boys Lacrosse","No","No","NESHAMINY","0","Pennington Prep School (NJ) ","0"
"2026-04-28","Boys Lacrosse","No","No","COATESVILLE","0","GREAT VALLEY","0"
"2026-04-28","Boys Lacrosse","No","No","BOYERTOWN","0","UPPER MERION","0"
"2026-04-28","Boys Lacrosse","No","No","WC RUSTIN","0","KENNETT","0"
"2026-04-28","Boys Lacrosse","No","No","PERKIOMEN VALLEY ","0","PHOENIXVILLE","0"
"2026-04-28","Boys Lacrosse","No","No","MARPLE NEWTOWN","0","STRATH HAVEN ","0"
"2026-04-28","Boys Lacrosse","No","No","SUN VALLEY ","0","BISHOP SHANAHAN","0"
"2026-04-28","Boys Lacrosse","No","No","PENNCREST","0","SPRINGFIELD (DELCO)","0"
"2026-04-28","Boys Lacrosse","No","No","RADNOR","0","RIDLEY","0"
"2026-04-28","Boys Lacrosse","No","No","DOWNINGTOWN EAST ","0","DOWNINGTOWN WEST ","0"
"2026-04-28","Boys Lacrosse","No","No","OWEN J. ROBERTS","0","POPE JOHN PAUL II","0"
"2026-04-28","Boys Lacrosse","No","No","PLYMOUTH WHITEMARSH","0","UPPER DUBLIN","0"
"2026-04-28","Boys Lacrosse","No","No","HAVERFORD","0","GARNET VALLEY","0"
"2026-04-27","Boys Lacrosse","No","No","CHELTENHAM","0","ABINGTON ","0"
"2026-04-27","Boys Lacrosse","No","No","CB SOUTH","0","SOUDERTON","0"
"2026-04-27","Boys Lacrosse","No","No","COUNCIL ROCK NORTH ","0","PENNRIDGE","0"
"2026-04-27","Boys Lacrosse","No","No","SPRINGFIELD TWP.(M)","0","HATBORO-HORSHAM","0"
"2026-04-27","Boys Lacrosse","No","No","METHACTON","0","POTTSGROVE","0"
"2026-04-27","Boys Lacrosse","No","No","CB EAST ","0","NESHAMINY","0"
"2026-04-27","Boys Lacrosse","No","No","PERKIOMEN VALLEY ","0","UPPER MERION","0"
"2026-04-27","Boys Lacrosse","No","No","POPE JOHN PAUL II","0","KENNETT","0"
"2026-04-27","Boys Lacrosse","No","No","NEW HOPE SOLEBURY","0","UPPER MORELAND","0"
"2026-04-27","Boys Lacrosse","No","No","CB WEST ","0","PENNSBURY","0"
"2026-04-27","Boys Lacrosse","No","No","COUNCIL ROCK SOUTH ","0","NORTH PENN","0"
"2026-04-27","Boys Lacrosse","No","No","AVON GROVE","0","SPRING-FORD","0"
"2026-04-27","Boys Lacrosse","No","No","St. Mark's HS (DE)","0","BISHOP SHANAHAN","0"
"2026-04-25","Boys Lacrosse","No","No","UNIONVILLE","0","HAVERFORD","0"
"2026-04-25","Boys Lacrosse","No","No","Liberty High School","0","QUAKERTOWN","0"
"2026-04-25","Boys Lacrosse","No","No","LOWER MERION ","0","BISHOP SHANAHAN","0"
"2026-04-25","Boys Lacrosse","No","No","Conestoga Valley High School","0","UPPER MERION","0"
"2026-04-25","Boys Lacrosse","No","No","INTERBORO","0","SUN VALLEY ","0"
"2026-04-25","Boys Lacrosse","No","No","WC EAST ","0","HATBORO-HORSHAM","0"
"2026-04-25","Boys Lacrosse","No","No","PENNCREST","0","PHOENIXVILLE","0"
"2026-04-25","Boys Lacrosse","No","No","HOLY GHOST PREP","0","Archbishop Wood High School","0"
"2026-04-25","Boys Lacrosse","No","No","Wilson High School (D3)","0","DOWNINGTOWN WEST ","0"
"2026-04-25","Boys Lacrosse","No","No","Oakcrest HS (NJ) ","0","WISSAHICKON","0"
"2026-04-25","Boys Lacrosse","No","No","PERKIOMEN VALLEY ","0","Twin Valley High School","0"
"2026-04-25","Boys Lacrosse","No","No","Kingsway Regional HS (NJ)","0","RIDLEY","0"
"2026-04-25","Boys Lacrosse","No","No","DELCO CHRISTIAN","0","Conwell-Egan Catholic HS","0"
"2026-04-24","Boys Lacrosse","No","No","COUNCIL ROCK NORTH ","0","BOYERTOWN","0"
"2026-04-24","Boys Lacrosse","No","No","Father Judge High School","0","NESHAMINY","0"
"2026-04-24","Boys Lacrosse","No","No","SOUDERTON","0","LOWER MERION ","0"
"2026-04-24","Boys Lacrosse","No","No","SPRINGFIELD (DELCO)","0","CONESTOGA","0"
"2026-04-24","Boys Lacrosse","No","No","NORTH PENN","0","MARPLE NEWTOWN","0"
"2026-04-23","Boys Lacrosse","No","No","OXFORD","0","COATESVILLE","0"
"2026-04-23","Boys Lacrosse","No","No","PLYMOUTH WHITEMARSH","0","CHELTENHAM","0"
"2026-04-23","Boys Lacrosse","No","No","CB WEST ","0","CB SOUTH","0"
"2026-04-23","Boys Lacrosse","No","No","HARRITON","0","MARPLE NEWTOWN","0"
"2026-04-23","Boys Lacrosse","No","No","QUAKERTOWN","0","ABINGTON ","0"
"2026-04-23","Boys Lacrosse","No","No","UPPER DARBY","0","RADNOR","0"
"2026-04-23","Boys Lacrosse","No","No","SPRINGFIELD TWP.(M)","0","WISSAHICKON","0"
"2026-04-23","Boys Lacrosse","No","No","Daniel Boone High School","0","POTTSGROVE","0"
"2026-04-23","Boys Lacrosse","No","No","POPE JOHN PAUL II","0","METHACTON","0"
"2026-04-23","Boys Lacrosse","No","No","UNIONVILLE","0","SUN VALLEY ","0"
"2026-04-23","Boys Lacrosse","No","No","NESHAMINY","0","SOUDERTON","0"
"2026-04-23","Boys Lacrosse","No","No","GREAT VALLEY","0","AVON GROVE","0"
"2026-04-23","Boys Lacrosse","No","No","HAVERFORD","0","LOWER MERION ","0"
"2026-04-23","Boys Lacrosse","No","No","SPRING-FORD","0","UPPER MERION","0"
"2026-04-23","Boys Lacrosse","No","No","KENNETT","0","WC EAST ","0"
"2026-04-23","Boys Lacrosse","No","No","PHOENIXVILLE","0","OWEN J. ROBERTS","0"
"2026-04-23","Boys Lacrosse","No","No","STRATH HAVEN ","0","RIDLEY","0"
"2026-04-23","Boys Lacrosse","No","No","NEW HOPE SOLEBURY","0","Lansdale Catholic High School","0"
"2026-04-23","Boys Lacrosse","No","No","DOWNINGTOWN WEST ","0","WC RUSTIN","0"
"2026-04-23","Boys Lacrosse","No","No","CB EAST ","0","PENNRIDGE","0"
"2026-04-23","Boys Lacrosse","No","No","PERKIOMEN VALLEY ","0","BOYERTOWN","0"
"2026-04-23","Boys Lacrosse","No","No","GARNET VALLEY","0","PENNCREST","0"
"2026-04-23","Boys Lacrosse","No","No","NORTH PENN","0","PENNSBURY","0"
"2026-04-23","Boys Lacrosse","No","No","BISHOP SHANAHAN","0","DOWNINGTOWN EAST ","0"
"2026-04-23","Boys Lacrosse","No","No","Jack Barrack Hebrew Academy","0","DELCO CHRISTIAN","0"
"2026-04-22","Boys Lacrosse","No","No","COUNCIL ROCK NORTH ","0","METHACTON","0"
"2026-04-22","Boys Lacrosse","No","No","INTERBORO","0","Julia R. Masterman High School","0"
"2026-04-21","Boys Lacrosse","Yes","No","OXFORD","1","AVON GROVE","15"
"2026-04-21","Boys Lacrosse","Yes","No","PENNCREST","18","HARRITON","0"
"2026-04-21","Boys Lacrosse","Yes","No","RIDLEY","14","UPPER DARBY","0"
"2026-04-21","Boys Lacrosse","Yes","No","UPPER MERION","10","POTTSGROVE","14"
"2026-04-21","Boys Lacrosse","Yes","No","METHACTON","15","PHOENIXVILLE","4"
"2026-04-21","Boys Lacrosse","Yes","No","WC HENDERSON","12","GREAT VALLEY","3"
"2026-04-21","Boys Lacrosse","Yes","No","NEW HOPE SOLEBURY","4","NESHAMINY","10"
"2026-04-21","Boys Lacrosse","Yes","No","CONESTOGA","14","LOWER MERION ","1"
"2026-04-21","Boys Lacrosse","Yes","No","COATESVILLE","9","KENNETT","5"
"2026-04-21","Boys Lacrosse","Yes","No","WC EAST ","3","DOWNINGTOWN WEST ","10"
"2026-04-21","Boys Lacrosse","Yes","No","SPRINGFIELD (DELCO)","14","STRATH HAVEN ","0"
"2026-04-21","Boys Lacrosse","Yes","No","DOWNINGTOWN EAST ","15","SUN VALLEY ","4"
"2026-04-21","Boys Lacrosse","Yes","No","COUNCIL ROCK SOUTH ","15","HOLY GHOST PREP","4"
"2026-04-21","Boys Lacrosse","Yes","No","RADNOR","13","GARNET VALLEY","14"
"2026-04-21","Boys Lacrosse","Yes","No","WISSAHICKON","10","UPPER MORELAND","3"
"2026-04-21","Boys Lacrosse","Yes","No","SOUDERTON","14","POPE JOHN PAUL II","3"
"2026-04-21","Boys Lacrosse","Yes","No","BOYERTOWN","5","SPRING-FORD","10"
"2026-04-21","Boys Lacrosse","Yes","No","WC RUSTIN","14","BISHOP SHANAHAN","5"
"2026-04-21","Boys Lacrosse","Yes","No","MARPLE NEWTOWN","9","HAVERFORD","8"
"2026-04-21","Boys Lacrosse","Yes","No","OWEN J. ROBERTS","7","PERKIOMEN VALLEY ","8"
"2026-04-20","Boys Lacrosse","Yes","No","CHELTENHAM","9","QUAKERTOWN","18"
"2026-04-20","Boys Lacrosse","Yes","No","CB SOUTH","4","COUNCIL ROCK NORTH ","8"
"2026-04-20","Boys Lacrosse","Yes","No","ABINGTON ","15","SPRINGFIELD TWP.(M)","4"
"2026-04-20","Boys Lacrosse","Yes","No","KENNETT","5","Devon Prep","6"
"2026-04-20","Boys Lacrosse","Yes","No","HATBORO-HORSHAM","13","NEW HOPE SOLEBURY","5"
"2026-04-20","Boys Lacrosse","Yes","No","PENNSBURY","13","PENNRIDGE","14"
"2026-04-20","Boys Lacrosse","Yes","No","UPPER MORELAND","0","UPPER DUBLIN","14"
"2026-04-20","Boys Lacrosse","Yes","No","POPE JOHN PAUL II","7","COUNCIL ROCK SOUTH ","8"
"2026-04-20","Boys Lacrosse","Yes","No","CB WEST ","12","CB EAST ","7"
"2026-04-20","Boys Lacrosse","Yes","No","SOUDERTON","16","NORTH PENN","4"
"2026-04-20","Boys Lacrosse","Yes","No","Archbishop Ryan High School","7","PLYMOUTH WHITEMARSH","19"
"2026-04-20","Boys Lacrosse","Yes","No","DELCO CHRISTIAN","4","Wilmington Christian School (DE)","6"
"2026-04-18","Boys Lacrosse","Yes","No","CB SOUTH","2","RIDLEY","16"
"2026-04-18","Boys Lacrosse","Yes","No","OWEN J. ROBERTS","5","WC HENDERSON","9"
"2026-04-18","Boys Lacrosse","Yes","No","UPPER MERION","16","QUAKERTOWN","15"
"2026-04-18","Boys Lacrosse","Yes","No","STRATH HAVEN ","12","GREAT VALLEY","2"
"2026-04-18","Boys Lacrosse","Yes","No","SPRINGFIELD (DELCO)","13","Saint Joseph's Preparatory School","7"
"2026-04-18","Boys Lacrosse","Yes","No","St. Augustine Prep","9","RADNOR","7"
"2026-04-18","Boys Lacrosse","Yes","No","Twin Valley High School","6","DOWNINGTOWN WEST ","16"
"2026-04-18","Boys Lacrosse","Yes","No","MARPLE NEWTOWN","15","PLYMOUTH WHITEMARSH","5"
"2026-04-18","Boys Lacrosse","Yes","No","Academy of the New Church ","5","CONESTOGA","6"
"2026-04-18","Boys Lacrosse","Yes","No","HAVERFORD","9","AVON GROVE","14"
"2026-04-18","Boys Lacrosse","Yes","No","DOWNINGTOWN EAST ","12","UPPER DUBLIN","8"
"2026-04-18","Boys Lacrosse","Yes","No","Abington Heights High School","18","NORTH PENN","7"
"2026-04-18","Boys Lacrosse","Yes","No","Wilson High School (D3)","7","PERKIOMEN VALLEY ","6"
"2026-04-18","Boys Lacrosse","Yes","No","William Penn Charter School ","8","CB EAST ","7"
"2026-04-18","Boys Lacrosse","Yes","No","Lower Cape May Regional HS (NJ)","0","BISHOP SHANAHAN","16"
"2026-04-17","Boys Lacrosse","Yes","No","INTERBORO","8","OXFORD","1"
"2026-04-17","Boys Lacrosse","Yes","No","LOWER MERION ","2","Shipley School ","10"
"2026-04-17","Boys Lacrosse","Yes","No","HOLY GHOST PREP","5","St. Joseph's Academy (Hammonton, NJ) ","12"
"2026-04-17","Boys Lacrosse","Yes","No","SPRING-FORD","9","Easton Area High School","8"
"2026-04-17","Boys Lacrosse","Yes","No","Pennington Prep School (NJ) ","7","PENNSBURY","20"
"2026-04-16","Boys Lacrosse","Yes","No","OXFORD","0","WC HENDERSON","15"
"2026-04-16","Boys Lacrosse","Yes","No","UPPER DUBLIN","21","CHELTENHAM","0"
"2026-04-16","Boys Lacrosse","Yes","No","NORTH PENN","5","CB SOUTH","11"
"2026-04-16","Boys Lacrosse","Yes","No","COUNCIL ROCK SOUTH ","11","COUNCIL ROCK NORTH ","8"
"2026-04-16","Boys Lacrosse","Yes","No","HARRITON","1","SPRINGFIELD (DELCO)","20"
"2026-04-16","Boys Lacrosse","Yes","No","UPPER MORELAND","2","ABINGTON ","8"
"2026-04-16","Boys Lacrosse","Yes","No","UPPER DARBY","1","CONESTOGA","14"
"2026-04-16","Boys Lacrosse","Yes","No","SPRINGFIELD TWP.(M)","5","NEW HOPE SOLEBURY","13"
"2026-04-16","Boys Lacrosse","Yes","No","POTTSGROVE","5","SPRING-FORD","15"
"2026-04-16","Boys Lacrosse","Yes","No","PERKIOMEN VALLEY ","10","METHACTON","3"
"2026-04-16","Boys Lacrosse","Yes","No","GREAT VALLEY","9","UNIONVILLE","8"
"2026-04-16","Boys Lacrosse","Yes","No","QUAKERTOWN","3","PLYMOUTH WHITEMARSH","19"
"2026-04-16","Boys Lacrosse","Yes","No","NESHAMINY","5","CB WEST ","15"
"2026-04-16","Boys Lacrosse","Yes","No","LOWER MERION ","1","RADNOR","17"
"2026-04-16","Boys Lacrosse","Yes","No","POPE JOHN PAUL II","19","UPPER MERION","11"
"2026-04-16","Boys Lacrosse","Yes","No","KENNETT","8","AVON GROVE","15"
"2026-04-16","Boys Lacrosse","Yes","No","BISHOP SHANAHAN","8","WC EAST ","4"
"2026-04-16","Boys Lacrosse","Yes","No","PHOENIXVILLE","3","Governor Mifflin High School","9"
"2026-04-16","Boys Lacrosse","Yes","No","DOWNINGTOWN WEST ","15","COATESVILLE","3"
"2026-04-16","Boys Lacrosse","Yes","No","GARNET VALLEY","14","STRATH HAVEN ","5"
"2026-04-16","Boys Lacrosse","Yes","No","OWEN J. ROBERTS","12","BOYERTOWN","8"
"2026-04-16","Boys Lacrosse","Yes","No","WISSAHICKON","9","HATBORO-HORSHAM","4"
"2026-04-16","Boys Lacrosse","Yes","No","CB EAST ","5","SOUDERTON","4"
"2026-04-16","Boys Lacrosse","Yes","No","DOWNINGTOWN EAST ","3","WC RUSTIN","14"
"2026-04-16","Boys Lacrosse","Yes","No","MARPLE NEWTOWN","11","PENNCREST","12"
"2026-04-16","Boys Lacrosse","Yes","No","HAVERFORD","6","RIDLEY","19"
"2026-04-16","Boys Lacrosse","Yes","No","DELCO CHRISTIAN","6","Jack Barrack Hebrew Academy","7"
"2026-04-14","Boys Lacrosse","Yes","No","UNIONVILLE","18","OXFORD","1"
"2026-04-14","Boys Lacrosse","Yes","No","HOLY GHOST PREP","4","COUNCIL ROCK NORTH ","20"
"2026-04-14","Boys Lacrosse","Yes","No","STRATH HAVEN ","15","HARRITON","7"
"2026-04-14","Boys Lacrosse","Yes","No","UPPER DARBY","2","GARNET VALLEY","14"
"2026-04-14","Boys Lacrosse","Yes","No","BOYERTOWN","13","POTTSGROVE","1"
"2026-04-14","Boys Lacrosse","Yes","No","METHACTON","8","OWEN J. ROBERTS","7"
"2026-04-14","Boys Lacrosse","Yes","No","WC HENDERSON","12","KENNETT","4"
"2026-04-14","Boys Lacrosse","Yes","No","Lansdale Catholic High School","13","QUAKERTOWN","5"
"2026-04-14","Boys Lacrosse","Yes","No","NESHAMINY","5","UPPER MORELAND","4"
"2026-04-14","Boys Lacrosse","Yes","No","RIDLEY","19","LOWER MERION ","3"
"2026-04-14","Boys Lacrosse","Yes","No","UPPER MERION","14","PHOENIXVILLE","7"
"2026-04-14","Boys Lacrosse","Yes","No","INTERBORO","2","Conwell-Egan Catholic HS","10"
"2026-04-14","Boys Lacrosse","Yes","No","WC EAST ","4","DOWNINGTOWN EAST ","6"
"2026-04-14","Boys Lacrosse","Yes","No","COATESVILLE","4","BISHOP SHANAHAN","10"
"2026-04-14","Boys Lacrosse","Yes","No","NEW HOPE SOLEBURY","9","DELCO CHRISTIAN","6"
"2026-04-14","Boys Lacrosse","Yes","No","WC RUSTIN","18","SUN VALLEY ","7"
"2026-04-14","Boys Lacrosse","Yes","No","SPRINGFIELD (DELCO)","18","HAVERFORD","2"
"2026-04-14","Boys Lacrosse","Yes","No","RADNOR","10","MARPLE NEWTOWN","9"
"2026-04-14","Boys Lacrosse","Yes","No","AVON GROVE","3","DOWNINGTOWN WEST ","12"
"2026-04-14","Boys Lacrosse","Yes","No","SPRING-FORD","10","POPE JOHN PAUL II","1"
"2026-04-14","Boys Lacrosse","Yes","No","Cardinal O'Hara High School","9","HATBORO-HORSHAM","4"
"2026-04-14","Boys Lacrosse","Yes","No","SOUDERTON","7","PERKIOMEN VALLEY ","8"
"2026-04-14","Boys Lacrosse","Yes","No","CONESTOGA","10","PENNCREST","11"
"2026-04-14","Boys Lacrosse","Yes","No","Notre Dame HS (NJ)","21","PENNSBURY","10"
"2026-04-13","Boys Lacrosse","Yes","No","CHELTENHAM","3","UPPER MORELAND","9"
"2026-04-13","Boys Lacrosse","Yes","No","CB SOUTH","9","PENNRIDGE","10"
"2026-04-13","Boys Lacrosse","Yes","No","COUNCIL ROCK NORTH ","15","NESHAMINY","7"
"2026-04-13","Boys Lacrosse","Yes","No","ABINGTON ","6","WISSAHICKON","8"
"2026-04-13","Boys Lacrosse","Yes","No","HATBORO-HORSHAM","12","QUAKERTOWN","6"
"2026-04-13","Boys Lacrosse","Yes","No","POPE JOHN PAUL II","7","LOWER MERION ","9"
"2026-04-13","Boys Lacrosse","Yes","No","CB WEST ","19","NORTH PENN","7"
"2026-04-13","Boys Lacrosse","Yes","No","COUNCIL ROCK SOUTH ","11","CB EAST ","9"
"2026-04-12","Boys Lacrosse","Yes","No","LaSalle College High School","7","RADNOR","3"
"2026-04-11","Boys Lacrosse","Yes","No","POTTSGROVE","1","Northampton Area High School","9"
"2026-04-11","Boys Lacrosse","Yes","No","STRATH HAVEN ","6","METHACTON","5"
"2026-04-11","Boys Lacrosse","Yes","No","WC HENDERSON","9","Hampton High School","7"
"2026-04-11","Boys Lacrosse","Yes","No","UNIONVILLE","7","Pine Richland High School","8"
"2026-04-11","Boys Lacrosse","Yes","No","QUAKERTOWN","7","Moravian Academy","17"
"2026-04-11","Boys Lacrosse","Yes","No","GREAT VALLEY","19","Exeter Township High School","7"
"2026-04-11","Boys Lacrosse","Yes","No","UPPER MERION","6","HOLY GHOST PREP","16"
"2026-04-11","Boys Lacrosse","Yes","No","COATESVILLE","11","BOYERTOWN","12"
"2026-04-11","Boys Lacrosse","Yes","No","CONESTOGA","10","UPPER DUBLIN","3"
"2026-04-11","Boys Lacrosse","Yes","No","Lawrenceville Prep School (NJ)","17","PENNSBURY","9"
"2026-04-11","Boys Lacrosse","Yes","No","Saint Joseph's Preparatory School","10","DOWNINGTOWN EAST ","3"
"2026-04-10","Boys Lacrosse","Yes","No","CB SOUTH","13","Archbishop Wood High School","0"
"2026-04-10","Boys Lacrosse","Yes","No","SPRINGFIELD TWP.(M)","10","UPPER DARBY","4"
"2026-04-10","Boys Lacrosse","Yes","No","LOWER MERION ","4","SPRINGFIELD (DELCO)","18"
"2026-04-10","Boys Lacrosse","Yes","No","Easton Area High School","12","PENNRIDGE","10"
"2026-04-10","Boys Lacrosse","Yes","No","OWEN J. ROBERTS","7","SPRING-FORD","5"
"2026-04-10","Boys Lacrosse","Yes","No","NORTH PENN","13","Crestwood High School","8"
"2026-04-10","Boys Lacrosse","Yes","No","Church Farm School (Lacrosse)","1","DELCO CHRISTIAN","15"
"2026-04-09","Boys Lacrosse","Yes","No","CHELTENHAM","3","HATBORO-HORSHAM","13"
"2026-04-09","Boys Lacrosse","Yes","No","HARRITON","14","UPPER DARBY","1"
"2026-04-09","Boys Lacrosse","Yes","No","METHACTON","7","BOYERTOWN","2"
"2026-04-09","Boys Lacrosse","Yes","No","DOWNINGTOWN WEST ","14","WC HENDERSON","2"
"2026-04-09","Boys Lacrosse","Yes","No","KENNETT","7","UNIONVILLE","5"
"2026-04-09","Boys Lacrosse","Yes","No","UPPER DUBLIN","19","QUAKERTOWN","5"
"2026-04-09","Boys Lacrosse","Yes","No","NORTH PENN","14","NESHAMINY","13"
"2026-04-09","Boys Lacrosse","Yes","No","SUN VALLEY ","6","GREAT VALLEY","12"
"2026-04-09","Boys Lacrosse","Yes","No","WC RUSTIN","8","WC EAST ","3"
"2026-04-09","Boys Lacrosse","Yes","No","PHOENIXVILLE","0","SPRING-FORD","15"
"2026-04-09","Boys Lacrosse","Yes","No","DOWNINGTOWN EAST ","16","COATESVILLE","8"
"2026-04-09","Boys Lacrosse","Yes","No","HAVERFORD","10","STRATH HAVEN ","4"
"2026-04-09","Boys Lacrosse","Yes","No","WISSAHICKON","11","NEW HOPE SOLEBURY","10"
"2026-04-09","Boys Lacrosse","Yes","No","SPRINGFIELD (DELCO)","3","Marin Catholic HS (CA)","9"
"2026-04-09","Boys Lacrosse","Yes","No","PENNCREST","9","RADNOR","17"
"2026-04-09","Boys Lacrosse","Yes","No","UPPER MORELAND","0","PLYMOUTH WHITEMARSH","13"
"2026-04-09","Boys Lacrosse","Yes","No","SOUDERTON","8","CB WEST ","6"
"2026-04-09","Boys Lacrosse","Yes","No","GARNET VALLEY","10","CONESTOGA","9"
"2026-04-09","Boys Lacrosse","Yes","No","BISHOP SHANAHAN","10","AVON GROVE","5"
"2026-04-09","Boys Lacrosse","Yes","No","RIDLEY","10","MARPLE NEWTOWN","7"
"2026-04-08","Boys Lacrosse","Yes","No","AIM Academy","17","CHELTENHAM","15"
"2026-04-08","Boys Lacrosse","Yes","No","HOLY GHOST PREP","7","CB SOUTH","15"
"2026-04-08","Boys Lacrosse","Yes","No","ABINGTON ","8","NESHAMINY","7"
"2026-04-08","Boys Lacrosse","Yes","No","POPE JOHN PAUL II","8","POTTSGROVE","3"
"2026-04-08","Boys Lacrosse","Yes","No","WISSAHICKON","7","Abington Heights High School","14"
"2026-04-08","Boys Lacrosse","Yes","No","DELCO CHRISTIAN","6","Mercersburg Academy ","5"
"2026-04-07","Boys Lacrosse","Yes","No","GREAT VALLEY","14","OXFORD","1"
"2026-04-07","Boys Lacrosse","Yes","No","HARRITON","9","HAVERFORD","14"
"2026-04-07","Boys Lacrosse","Yes","No","UPPER DARBY","0","MARPLE NEWTOWN","14"
"2026-04-07","Boys Lacrosse","Yes","No","POTTSGROVE","11","PHOENIXVILLE","5"
"2026-04-07","Boys Lacrosse","Yes","No","WC HENDERSON","5","BISHOP SHANAHAN","7"
"2026-04-07","Boys Lacrosse","Yes","No","UNIONVILLE","3","DOWNINGTOWN WEST ","13"
"2026-04-07","Boys Lacrosse","Yes","No","QUAKERTOWN","5","PENNRIDGE","13"
"2026-04-07","Boys Lacrosse","Yes","No","GARNET VALLEY","18","LOWER MERION ","6"
"2026-04-07","Boys Lacrosse","Yes","No","UPPER MERION","3","OWEN J. ROBERTS","16"
"2026-04-07","Boys Lacrosse","Yes","No","SUN VALLEY ","0","WC EAST ","10"
"2026-04-07","Boys Lacrosse","Yes","No","WC RUSTIN","14","COATESVILLE","6"
"2026-04-07","Boys Lacrosse","Yes","No","STRATH HAVEN ","5","PENNCREST","9"
"2026-04-07","Boys Lacrosse","Yes","No","SPRINGFIELD (DELCO)","4","RADNOR","7"
"2026-04-07","Boys Lacrosse","Yes","No","UPPER MORELAND","14","Roman Catholic High School","1"
"2026-04-07","Boys Lacrosse","Yes","No","BOYERTOWN","13","POPE JOHN PAUL II","5"
"2026-04-07","Boys Lacrosse","Yes","No","UPPER DUBLIN","11","HATBORO-HORSHAM","5"
"2026-04-07","Boys Lacrosse","Yes","No","SPRING-FORD","9","PERKIOMEN VALLEY ","1"
"2026-04-07","Boys Lacrosse","Yes","No","CB EAST ","13","PLYMOUTH WHITEMARSH","4"
"2026-04-07","Boys Lacrosse","Yes","No","CONESTOGA","2","RIDLEY","7"
"2026-04-07","Boys Lacrosse","Yes","No","AVON GROVE","8","DOWNINGTOWN EAST ","11"
"2026-04-06","Boys Lacrosse","Yes","No","SUN VALLEY ","9","NEW HOPE SOLEBURY","5"
"2026-04-06","Boys Lacrosse","Yes","No","Archbishop Ryan High School","10","HOLY GHOST PREP","13"
"2026-04-03","Boys Lacrosse","Yes","No","Southern Regional HS (NJ) ","13","STRATH HAVEN ","3"
"2026-04-02","Boys Lacrosse","Yes","No","PERKIOMEN VALLEY ","15","POTTSGROVE","1"
"2026-04-02","Boys Lacrosse","Yes","No","Cape Henlopen (DE)","4","RADNOR","6"
"2026-04-02","Boys Lacrosse","Yes","No","BOYERTOWN","12","Emmaus High School","8"
"2026-04-02","Boys Lacrosse","Yes","No","GARNET VALLEY","6","DOWNINGTOWN EAST ","5"
"2026-04-02","Boys Lacrosse","Yes","No","MARPLE NEWTOWN","6","St. Joseph Metuchen ","4"
"2026-04-02","Boys Lacrosse","Yes","No","Twin Valley High School","17","OWEN J. ROBERTS","4"
"2026-04-01","Boys Lacrosse","Yes","No","ABINGTON ","4","CB SOUTH","8"
"2026-04-01","Boys Lacrosse","Yes","No","Wyomissing Area High School","12","POTTSGROVE","10"
"2026-04-01","Boys Lacrosse","Yes","No","METHACTON","18","UPPER MERION","3"
"2026-04-01","Boys Lacrosse","Yes","No","Northampton Area High School","16","QUAKERTOWN","1"
"2026-04-01","Boys Lacrosse","Yes","No","PLYMOUTH WHITEMARSH","9","WC EAST ","5"
"2026-04-01","Boys Lacrosse","Yes","No","PHOENIXVILLE","2","POPE JOHN PAUL II","13"
"2026-04-01","Boys Lacrosse","Yes","No","SPRINGFIELD (DELCO)","9","Ridgewood HS (NJ)","4"
"2026-04-01","Boys Lacrosse","Yes","No","Bishop Moore HS (FL)","15","SPRING-FORD","6"
"2026-04-01","Boys Lacrosse","Yes","No","UPPER DUBLIN","6","RIDLEY","7"
"2026-04-01","Boys Lacrosse","Yes","No","MARPLE NEWTOWN","10","Worthington Kilbourne (OH)","16"
"2026-03-31","Boys Lacrosse","Yes","No","St. John Paul Academy (FL)","13","HARRITON","2"
"2026-03-31","Boys Lacrosse","Yes","No","METHACTON","9","CB WEST ","12"
"2026-03-31","Boys Lacrosse","Yes","No","NESHAMINY","13","HATBORO-HORSHAM","15"
"2026-03-31","Boys Lacrosse","Yes","No","PENNSBURY","18","HOLY GHOST PREP","2"
"2026-03-31","Boys Lacrosse","Yes","No","RADNOR","11","Shawnee HS (NJ)","8"
"2026-03-31","Boys Lacrosse","Yes","No","CONESTOGA","4","DOWNINGTOWN WEST ","16"
"2026-03-31","Boys Lacrosse","Yes","No","PERKIOMEN VALLEY ","13","PENNRIDGE","8"
"2026-03-31","Boys Lacrosse","Yes","No","Fieldston HS ","1","SPRING-FORD","12"
"2026-03-31","Boys Lacrosse","Yes","No","AVON GROVE","6","WC RUSTIN","11"
"2026-03-31","Boys Lacrosse","Yes","No","PENNCREST","11","Devon Prep","3"
"2026-03-31","Boys Lacrosse","Yes","No","CB EAST ","8","WISSAHICKON","7"
"2026-03-31","Boys Lacrosse","Yes","No","Saint Joseph's Preparatory School","9","GARNET VALLEY","6"
"2026-03-30","Boys Lacrosse","Yes","No","SUN VALLEY ","9","OXFORD","1"
"2026-03-30","Boys Lacrosse","Yes","No","CB SOUTH","7","PLYMOUTH WHITEMARSH","2"
"2026-03-30","Boys Lacrosse","Yes","No","COUNCIL ROCK NORTH ","12","Father Judge High School","5"
"2026-03-30","Boys Lacrosse","Yes","No","Aspen HS (CO)","12","HARRITON","5"
"2026-03-30","Boys Lacrosse","Yes","No","DOWNINGTOWN EAST ","6","WC HENDERSON","5"
"2026-03-30","Boys Lacrosse","Yes","No","BISHOP SHANAHAN","16","UNIONVILLE","5"
"2026-03-30","Boys Lacrosse","Yes","No","NESHAMINY","16","UPPER MERION","7"
"2026-03-30","Boys Lacrosse","Yes","No","KENNETT","10","GREAT VALLEY","8"
"2026-03-30","Boys Lacrosse","Yes","No","COATESVILLE","8","WC EAST ","10"
"2026-03-30","Boys Lacrosse","Yes","No","Daniel Boone High School","6","PHOENIXVILLE","7"
"2026-03-30","Boys Lacrosse","Yes","No","SPRINGFIELD (DELCO)","11","Northport HS (NY)","10"
"2026-03-30","Boys Lacrosse","Yes","No","UPPER MORELAND","12","Conwell-Egan Catholic HS","5"
"2026-03-30","Boys Lacrosse","Yes","No","SOUDERTON","4","RIDLEY","15"
"2026-03-30","Boys Lacrosse","Yes","No","NORTH PENN","3","OWEN J. ROBERTS","16"
"2026-03-28","Boys Lacrosse","Yes","No","COATESVILLE","5","ABINGTON ","7"
"2026-03-28","Boys Lacrosse","Yes","No","POTTSGROVE","2","KENNETT","12"
"2026-03-28","Boys Lacrosse","Yes","No","METHACTON","6","UNIONVILLE","15"
"2026-03-28","Boys Lacrosse","Yes","No","PHOENIXVILLE","0","GREAT VALLEY","12"
"2026-03-28","Boys Lacrosse","Yes","No","Summit HS (NJ)","11","RADNOR","4"
"2026-03-28","Boys Lacrosse","Yes","No","SPRING-FORD","4","DOWNINGTOWN WEST ","8"
"2026-03-28","Boys Lacrosse","Yes","No","PENNRIDGE","15","PLYMOUTH WHITEMARSH","10"
"2026-03-28","Boys Lacrosse","Yes","No","OWEN J. ROBERTS","5","CB WEST ","12"
"2026-03-28","Boys Lacrosse","Yes","No","WC RUSTIN","6","Urbana HS (MD)","10"
"2026-03-28","Boys Lacrosse","Yes","No","Archmere Academy (DE)","6","PENNCREST","7"
"2026-03-28","Boys Lacrosse","Yes","No","CONESTOGA","11","Allentown Central Catholic High School","5"
"2026-03-28","Boys Lacrosse","Yes","No","Washington TWP HS (NJ)","12","PENNSBURY","9"
"2026-03-28","Boys Lacrosse","Yes","No","RIDLEY","12","DOWNINGTOWN EAST ","4"
"2026-03-28","Boys Lacrosse","Yes","No","CB EAST ","5","UPPER DUBLIN","7"
"2026-03-27","Boys Lacrosse","Yes","No","DELCO CHRISTIAN","10","UPPER MERION","14"
"2026-03-27","Boys Lacrosse","Yes","No","SOUDERTON","9","BOYERTOWN","10"
"2026-03-27","Boys Lacrosse","Yes","No","PERKIOMEN VALLEY ","12","COUNCIL ROCK SOUTH ","7"
"2026-03-27","Boys Lacrosse","Yes","No","NORTH PENN","8","HATBORO-HORSHAM","10"
"2026-03-26","Boys Lacrosse","Yes","No","OXFORD","0","KENNETT","13"
"2026-03-26","Boys Lacrosse","Yes","No","COUNCIL ROCK NORTH ","5","SOUDERTON","7"
"2026-03-26","Boys Lacrosse","Yes","No","LOWER MERION ","4","HARRITON","5"
"2026-03-26","Boys Lacrosse","Yes","No","NEW HOPE SOLEBURY","6","ABINGTON ","7"
"2026-03-26","Boys Lacrosse","Yes","No","PENNCREST","14","UPPER DARBY","1"
"2026-03-26","Boys Lacrosse","Yes","No","SPRINGFIELD TWP.(M)","2","UPPER DUBLIN","14"
"2026-03-26","Boys Lacrosse","Yes","No","Conrad Weiser High School","12","POTTSGROVE","6"
"2026-03-26","Boys Lacrosse","Yes","No","WC HENDERSON","5","WC RUSTIN","9"
"2026-03-26","Boys Lacrosse","Yes","No","UNIONVILLE","10","DOWNINGTOWN EAST ","9"
"2026-03-26","Boys Lacrosse","Yes","No","QUAKERTOWN","6","UPPER MORELAND","7"
"2026-03-26","Boys Lacrosse","Yes","No","NESHAMINY","10","PENNRIDGE","18"
"2026-03-26","Boys Lacrosse","Yes","No","GREAT VALLEY","1","DOWNINGTOWN WEST ","16"
"2026-03-26","Boys Lacrosse","Yes","No","WC EAST ","8","AVON GROVE","9"
"2026-03-26","Boys Lacrosse","Yes","No","COATESVILLE","13","SUN VALLEY ","12"
"2026-03-26","Boys Lacrosse","Yes","No","RADNOR","15","STRATH HAVEN ","7"
"2026-03-26","Boys Lacrosse","Yes","No","RIDLEY","10","SPRINGFIELD (DELCO)","13"
"2026-03-26","Boys Lacrosse","Yes","No","PLYMOUTH WHITEMARSH","5","WISSAHICKON","6"
"2026-03-26","Boys Lacrosse","Yes","No","HAVERFORD","7","CONESTOGA","8"
"2026-03-26","Boys Lacrosse","Yes","No","MARPLE NEWTOWN","12","GARNET VALLEY","11"
"2026-03-26","Boys Lacrosse","Yes","No","NORTH PENN","11","CB EAST ","12"
"2026-03-26","Boys Lacrosse","Yes","No","OWEN J. ROBERTS","9","Wilson High School (D3)","14"
"2026-03-25","Boys Lacrosse","Yes","No","METHACTON","9","CB SOUTH","8"
"2026-03-25","Boys Lacrosse","Yes","No","SPRINGFIELD TWP.(M)","9","Conwell-Egan Catholic HS","8"
"2026-03-25","Boys Lacrosse","Yes","No","PHOENIXVILLE","2","HATBORO-HORSHAM","10"
"2026-03-25","Boys Lacrosse","Yes","No","Father Judge High School","6","HOLY GHOST PREP","7"
"2026-03-25","Boys Lacrosse","Yes","No","Archbishop Wood High School","4","POPE JOHN PAUL II","13"
"2026-03-25","Boys Lacrosse","Yes","No","SPRING-FORD","11","CB WEST ","8"
"2026-03-25","Boys Lacrosse","Yes","No","COUNCIL ROCK SOUTH ","6","PENNSBURY","5"
"2026-03-25","Boys Lacrosse","Yes","No","DELCO CHRISTIAN","12","Msgr Bonner & Abp Prendergast HS","1"
"2026-03-24","Boys Lacrosse","Yes","No","DOWNINGTOWN WEST ","14","OXFORD","0"
"2026-03-24","Boys Lacrosse","Yes","No","COUNCIL ROCK NORTH ","7","Lansdale Catholic High School","4"
"2026-03-24","Boys Lacrosse","Yes","No","HARRITON","5","RADNOR","18"
"2026-03-24","Boys Lacrosse","Yes","No","UPPER DARBY","0","SPRINGFIELD (DELCO)","19"
"2026-03-24","Boys Lacrosse","Yes","No","WC EAST ","4","WC HENDERSON","5"
"2026-03-24","Boys Lacrosse","Yes","No","UNIONVILLE","6","WC RUSTIN","14"
"2026-03-24","Boys Lacrosse","Yes","No","Archbishop Carroll High School","12","QUAKERTOWN","11"
"2026-03-24","Boys Lacrosse","Yes","No","BISHOP SHANAHAN","10","GREAT VALLEY","2"
"2026-03-24","Boys Lacrosse","Yes","No","LOWER MERION ","1","MARPLE NEWTOWN","14"
"2026-03-24","Boys Lacrosse","Yes","No","AVON GROVE","14","COATESVILLE","6"
"2026-03-24","Boys Lacrosse","Yes","No","CONESTOGA","12","STRATH HAVEN ","5"
"2026-03-24","Boys Lacrosse","Yes","No","NEW HOPE SOLEBURY","4","Cardinal O'Hara High School","13"
"2026-03-24","Boys Lacrosse","Yes","No","Archbishop Ryan High School","3","UPPER MORELAND","6"
"2026-03-24","Boys Lacrosse","Yes","No","HAVERFORD","10","PENNCREST","6"
"2026-03-24","Boys Lacrosse","Yes","No","UPPER DUBLIN","4","William Penn Charter School ","12"
"2026-03-24","Boys Lacrosse","Yes","No","GARNET VALLEY","7","RIDLEY","8"
"2026-03-24","Boys Lacrosse","Yes","No","PERKIOMEN VALLEY ","9","Devon Prep","2"
"2026-03-23","Boys Lacrosse","Yes","No","CHELTENHAM","1","NEW HOPE SOLEBURY","16"
"2026-03-23","Boys Lacrosse","Yes","No","CB EAST ","6","CB SOUTH","7"
"2026-03-23","Boys Lacrosse","Yes","No","ABINGTON ","7","PLYMOUTH WHITEMARSH","10"
"2026-03-23","Boys Lacrosse","Yes","No","UPPER MORELAND","10","SPRINGFIELD TWP.(M)","5"
"2026-03-23","Boys Lacrosse","Yes","No","QUAKERTOWN","2","WISSAHICKON","15"
"2026-03-23","Boys Lacrosse","Yes","No","PENNSBURY","11","NESHAMINY","4"
"2026-03-23","Boys Lacrosse","Yes","No","Conwell-Egan Catholic HS","12","UPPER MERION","14"
"2026-03-23","Boys Lacrosse","Yes","No","SUN VALLEY ","7","KENNETT","11"
"2026-03-23","Boys Lacrosse","Yes","No","PHOENIXVILLE","6","DELCO CHRISTIAN","10"
"2026-03-23","Boys Lacrosse","Yes","No","HOLY GHOST PREP","19","Msgr Bonner & Abp Prendergast HS","0"
"2026-03-23","Boys Lacrosse","Yes","No","PENNRIDGE","16","NORTH PENN","8"
"2026-03-23","Boys Lacrosse","Yes","No","Berks Catholic High School","4","POPE JOHN PAUL II","11"
"2026-03-23","Boys Lacrosse","Yes","No","CB WEST ","10","BOYERTOWN","7"
"2026-03-23","Boys Lacrosse","Yes","No","SOUDERTON","7","COUNCIL ROCK SOUTH ","4"
"2026-03-21","Boys Lacrosse","Yes","No","NEW HOPE SOLEBURY","5","HARRITON","8"
"2026-03-21","Boys Lacrosse","Yes","No","Msgr Bonner & Abp Prendergast HS","0","SPRINGFIELD TWP.(M)","15"
"2026-03-21","Boys Lacrosse","Yes","No","STRATH HAVEN ","3","WC HENDERSON","10"
"2026-03-21","Boys Lacrosse","Yes","No","UNIONVILLE","10","Wilson High School (D3)","11"
"2026-03-21","Boys Lacrosse","Yes","No","Devon Prep","9","GREAT VALLEY","6"
"2026-03-21","Boys Lacrosse","Yes","No","MARPLE NEWTOWN","10","KENNETT","5"
"2026-03-21","Boys Lacrosse","Yes","No","PHOENIXVILLE","1","WC EAST ","17"
"2026-03-21","Boys Lacrosse","Yes","No","Cardinal O'Hara High School","18","SUN VALLEY ","3"
"2026-03-21","Boys Lacrosse","Yes","No","SPRINGFIELD (DELCO)","13","Broadneck (MD)","4"
"2026-03-21","Boys Lacrosse","Yes","No","PENNRIDGE","7","UPPER DUBLIN","9"
"2026-03-21","Boys Lacrosse","Yes","No","RIDLEY","19","CB WEST ","9"
"2026-03-21","Boys Lacrosse","Yes","No","BOYERTOWN","5","PENNCREST","11"
"2026-03-21","Boys Lacrosse","Yes","No","SPRING-FORD","6","Manheim Township High School","9"
"2026-03-21","Boys Lacrosse","Yes","No","WC RUSTIN","18","HAVERFORD","11"
"2026-03-21","Boys Lacrosse","Yes","No","Hempfield High School","9","AVON GROVE","10"
"2026-03-21","Boys Lacrosse","Yes","No","PENNSBURY","6","PERKIOMEN VALLEY ","7"
"2026-03-21","Boys Lacrosse","Yes","No","CB EAST ","15","Emmaus High School","5"
"2026-03-20","Boys Lacrosse","Yes","No","OXFORD","2","INTERBORO","0"
"2026-03-20","Boys Lacrosse","Yes","No","ABINGTON ","7","COUNCIL ROCK SOUTH ","12"
"2026-03-20","Boys Lacrosse","Yes","No","SPRINGFIELD TWP.(M)","7","Archbishop Ryan High School","9"
"2026-03-20","Boys Lacrosse","Yes","No","POTTSGROVE","6","NEW HOPE SOLEBURY","8"
"2026-03-20","Boys Lacrosse","Yes","No","COATESVILLE","5","POPE JOHN PAUL II","9"
"2026-03-20","Boys Lacrosse","Yes","No","Castle View HS (CO)","11","HATBORO-HORSHAM","5"
"2026-03-20","Boys Lacrosse","Yes","No","OWEN J. ROBERTS","8","DOWNINGTOWN EAST ","12"
"2026-03-20","Boys Lacrosse","Yes","No","DELCO CHRISTIAN","6","Archbishop Carroll High School","13"
"2026-03-19","Boys Lacrosse","Yes","No","CB SOUTH","3","CONESTOGA","6"
"2026-03-19","Boys Lacrosse","Yes","No","COUNCIL ROCK NORTH ","11","PLYMOUTH WHITEMARSH","5"
"2026-03-19","Boys Lacrosse","Yes","No","HARRITON","4","Cardinal O'Hara High School","12"
"2026-03-19","Boys Lacrosse","Yes","No","UPPER DARBY","0","SUN VALLEY ","17"
"2026-03-19","Boys Lacrosse","Yes","No","POTTSGROVE","5","UPPER MORELAND","4"
"2026-03-19","Boys Lacrosse","Yes","No","WISSAHICKON","6","METHACTON","5"
"2026-03-19","Boys Lacrosse","Yes","No","PENNCREST","1","WC HENDERSON","8"
"2026-03-19","Boys Lacrosse","Yes","No","CB EAST ","15","UNIONVILLE","7"
"2026-03-19","Boys Lacrosse","Yes","No","NESHAMINY","5","Father Judge High School","14"
"2026-03-19","Boys Lacrosse","Yes","No","UPPER MERION","7","LOWER MERION ","15"
"2026-03-19","Boys Lacrosse","Yes","No","HAVERFORD","6","KENNETT","4"
"2026-03-19","Boys Lacrosse","Yes","No","PENNSBURY","10","COATESVILLE","7"
"2026-03-19","Boys Lacrosse","Yes","No","Jack Barrack Hebrew Academy","1","HOLY GHOST PREP","9"
"2026-03-19","Boys Lacrosse","Yes","No","RADNOR","12","Choate Rosemary Hall (CT)","10"
"2026-03-19","Boys Lacrosse","Yes","No","COUNCIL ROCK SOUTH ","12","BOYERTOWN","5"
"2026-03-19","Boys Lacrosse","Yes","No","SPRING-FORD","6","SOUDERTON","4"
"2026-03-19","Boys Lacrosse","Yes","No","WC RUSTIN","10","Twin Valley High School","7"
"2026-03-19","Boys Lacrosse","Yes","No","AVON GROVE","16","NORTH PENN","2"
"2026-03-19","Boys Lacrosse","Yes","No","Wilson High School (D3)","11","GARNET VALLEY","5"
"2026-03-18","Boys Lacrosse","Yes","No","CHELTENHAM","3","HOLY GHOST PREP","17"
"2026-03-18","Boys Lacrosse","Yes","No","SPRINGFIELD TWP.(M)","14","AIM Academy","5"
"2026-03-18","Boys Lacrosse","Yes","No","UPPER MORELAND","12","PHOENIXVILLE","1"
"2026-03-18","Boys Lacrosse","Yes","No","NEW HOPE SOLEBURY","13","Archbishop Wood High School","4"
"2026-03-18","Boys Lacrosse","Yes","No","Daniel Boone High School","0","BOYERTOWN","14"
"2026-03-18","Boys Lacrosse","Yes","No","BISHOP SHANAHAN","9","William Penn Charter School ","2"
"2026-03-17","Boys Lacrosse","Yes","No","METHACTON","11","OXFORD","0"
"2026-03-17","Boys Lacrosse","Yes","No","GARNET VALLEY","10","CB SOUTH","9"
"2026-03-17","Boys Lacrosse","Yes","No","PENNSBURY","8","COUNCIL ROCK NORTH ","14"
"2026-03-17","Boys Lacrosse","Yes","No","HARRITON","16","PHOENIXVILLE","1"
"2026-03-17","Boys Lacrosse","Yes","No","UPPER DARBY","0","Archbishop Ryan High School","10"
"2026-03-17","Boys Lacrosse","Yes","No","SPRINGFIELD TWP.(M)","5","Cardinal O'Hara High School","15"
"2026-03-17","Boys Lacrosse","Yes","No","QUAKERTOWN","3","WC EAST ","16"
"2026-03-17","Boys Lacrosse","Yes","No","HAVERFORD","11","GREAT VALLEY","8"
"2026-03-17","Boys Lacrosse","Yes","No","UPPER MERION","3","COATESVILLE","16"
"2026-03-17","Boys Lacrosse","Yes","No","KENNETT","11","OWEN J. ROBERTS","7"
"2026-03-17","Boys Lacrosse","Yes","No","STRATH HAVEN ","17","NORTH PENN","9"
"2026-03-17","Boys Lacrosse","Yes","No","PENNRIDGE","6","COUNCIL ROCK SOUTH ","15"
"2026-03-17","Boys Lacrosse","Yes","No","UPPER MORELAND","9","Archbishop Carroll High School","6"
"2026-03-17","Boys Lacrosse","Yes","No","HATBORO-HORSHAM","4","Lansdale Catholic High School","1"
"2026-03-17","Boys Lacrosse","Yes","No","PENNCREST","4","SOUDERTON","7"
"2026-03-17","Boys Lacrosse","Yes","No","MARPLE NEWTOWN","10","WISSAHICKON","5"
"2026-03-17","Boys Lacrosse","Yes","No","CONESTOGA","6","Germantown Academy","5"
"2026-03-17","Boys Lacrosse","Yes","No","CB EAST ","4","DOWNINGTOWN EAST ","11"
"2026-03-17","Boys Lacrosse","Yes","No","UPPER DUBLIN","1","Saint Joseph's Preparatory School","12"
"2026-03-17","Boys Lacrosse","Yes","No","PERKIOMEN VALLEY ","5","RIDLEY","16"
"2026-03-14","Boys Lacrosse","Yes","No","WC HENDERSON","19","LOWER MERION ","2"
"2026-03-14","Boys Lacrosse","Yes","No","AVON GROVE","13","PENNSBURY","7"
"2026-03-14","Boys Lacrosse","Yes","No","MARPLE NEWTOWN","13","UPPER DUBLIN","11"
"2026-03-13","Boys Lacrosse","Yes","No","ABINGTON ","2","COUNCIL ROCK NORTH ","17"
"2026-03-13","Boys Lacrosse","Yes","No","UPPER DARBY","2","Archbishop Carroll High School","11"
"2026-03-13","Boys Lacrosse","Yes","No","PLYMOUTH WHITEMARSH","14","SPRINGFIELD TWP.(M)","1"
"2026-03-13","Boys Lacrosse","Yes","No","GREAT VALLEY","7","METHACTON","4"
"2026-03-13","Boys Lacrosse","Yes","No","COUNCIL ROCK SOUTH ","17","UNIONVILLE","7"
"2026-03-13","Boys Lacrosse","Yes","No","WISSAHICKON","17","UPPER MERION","4"
"2026-03-13","Boys Lacrosse","Yes","No","WC EAST ","17","Daniel Boone High School","1"
"2026-03-13","Boys Lacrosse","Yes","No","NEW HOPE SOLEBURY","16","PHOENIXVILLE","4"
"2026-03-13","Boys Lacrosse","Yes","No","HOLY GHOST PREP","11","Conwell-Egan Catholic HS","4"
"2026-03-13","Boys Lacrosse","Yes","No","DOWNINGTOWN WEST ","13","CB EAST ","4"
"2026-03-13","Boys Lacrosse","Yes","No","PENNRIDGE","14","Southern Lehigh High School","8"
"2026-03-13","Boys Lacrosse","Yes","No","CB WEST ","7","GARNET VALLEY","12"
"2026-03-13","Boys Lacrosse","Yes","No","WC RUSTIN","10","PERKIOMEN VALLEY ","3"
